aah;aah;type
àalimentation;;
aap;aap;
ab;agriculture-biologique;
abattage-découpe;abattage-découpe;
acadie;;
acceptabilité;acceptabilité;
accèsphysique;;
accessibilitéla;;
accompagnants;accompagnants;
accroitre;accroître;
acculturer;acculturer;
acquisø;acquisø;
acté;acté;
acter;acter;
acteurset;;
actionsexistantes;actions;
actionsles;actions;
activitésagricoles;;
actons;;
adear;adear;
ademe;ademe;
adepa;adepa;
àdestination;;
adu;;
afterres;afterres;
agec;agec;
agil;agil;
agr;agr;
agri;;
agri-alimentaire;agri-alimentaire;
agribio;agribio;
agribiodrôme;agribiodrôme;
agricole-assurer;agricol;
agricoleforces;agricol;
agricole-relocaliser;agricol;
agricolevendée;agricol;
agricourt;;
agriculteur·rices;agriculteur;
agriculteursforces;agriculteur;
agriculteurs-rices;agriculteur;
agriculture-alimentation-santé-environnement;agriculture-alimentation-santé-environnement;
agriflux;;
agrikulture;agriculture;
agrilocal;agrilocal;
agriphotovoltaïsme;agrivoltaïsme;
agritourisme;agritourisme;
agri-tourisme;agritourisme;
agritouristiques;agritouristique;
agriurbain;agriurbain;
agri-urbains;agriurbain;
agri-urban;agriurbain;
agrivoltaïsme;agrivoltaïsme;
agri-voltaïsme;agrivoltaïsme;
agro-alimentaire;agroalimentaire;
agrobio;agrobio;
agrocité;agrocité;
agro-ecologie;agroécologie;
agroécologie;agroécologie;
agro-écologie;agroécologie;
agroécologique;agroécologique;
agro-écologique;agroécologique;
agroécologiques;agroécologique;
agro-écologiques;agroécologique;
agroéconomique;agroéconomique;
agroforesterie;agroforesterie;
agro-industrielle;agroindustrielle;
agroparc;agroparc;
agropastoralisme;agropastoralisme;
agro-pastoralisme;agropastoralisme;
agrosup;agrosup;
agrotourisme;agritourisme;
agro-tourisme;agritourisme;
agro-touristique;agritouristique;
agro-transformation;agrotransformation;
aigoual;;
aïl;;
ajaccien;;
alae;;
alagnon;;
albertvillois;;
ald;;
alésien;;
alimcad;;
alimentaireest;;
alimentaireforces;;
alimentaire-sensibiliser;;
alimentationlocale;alimentation-locale;
alimentation-santé;alimentation-santé;
alimentation-santé-environnement;alimentation-santé-environnement;
alm;;
alsace;;
alterée;alteré;
altiligériens;;
altimétriques;;
amandois;;
amap;amap;
amaps;amap;
amiénoise;;
ancar;;
anciennerégion;;
ancs;;
anct;anct ;
anru;anru;
anti-gaspi;anti-gaspi;
aoc;aoc;
aop;aop;
aout;;
apicité;;
apparait;apparaitre;
apparaitre;apparaitre;
approlocal;;
approvisionnementen;;
aps;;
aquacole;aquacole;
aquitaine;;
arasement;;
arboriculteurs;arboriculteur;
arcomet;;
ardèche;;
ardennes;;
ariégeoises;;
arly;;
arlysère;;
armorique;;
arrière-littoraux;arrière-littoraux;
arrière-pays;arrière-pays;
artificialisation;artificialisation;
artificialise;artificialiser;
artificialisé;artificialisé;
artificialisées;artificialisé;
artificialisés;artificialisé;
associatif;associatif;
assolement;assolement;
assolements;assolement;
assureragriculture;;
ataa;;
atmo;;
attractivité;attractivité;
auban;;
aunis;;
auran;;
auregroupement;;
auto-approvisionnement;auto-approvisionnement;
autoconsommation;autoconsommation;
autonomisation;;
autoproduction;autoproduction;
auto-production;autoproduction;
autoroutier;autoroutier;
autunois;;
auxbois;;
avallon;;
avallonnais;;
avecun;;
baby-boomers;baby-boomer;
barval;;
bassinemploi;;
battances;;
bayonnaise;;
beaufortain;;
bénare;;
bergeracois;;
bge;;
biocad;;
biocontrôle;biocontrôle;
biodéchets;biodéchet;
biodiversitépromouvoir;biodiversité;
bioéconomie;bioéconomie;
bioloss;;
bio'maho;;
biosourcés;biosourcé;
bloquantes;;
bm;;
bmo;;
bocagère;bocager;
bocagers;bocager;
bombement;;
boostée;boosté;
bouf;;
bourgs-centres;centre-bourg;
bovin-lait;bovin-lait;
bovin-mixte;bovin-mixte;
bovins-lait;bovin-lait;
bovins-viande;bovin-viande;
bovin-viande;bovin-viande;
brassicole;brassicole;
bressuirais;;
brexit;brexit;
brl;;
brocéliande;;
broutards;;
broyat;broyat;
budgetsuffisant;;
ca;;
caba;;
cabanisation;;
cac-ts;;
cae;cae;
caennaise;;
cafpf;;
cags;;
cahc;;
call;;
camargue;;
cancerø;cancer;
candia;candia;
canigó;;
cannier;;
canteens;;
cantepau;;
capa;;
capacitation;;
capb;;
capld;;
caprin;caprin;
cara;;
carbonne;;
cardiopathies;cardiopathie;
cardio-vasculaire;cardio-vasculaire;
cardiovasculaires;cardio-vasculaire;
carles;;
carnon;;
caro;;
cartographiées;cartographié;
casserie;casserie;
castanéiculture;castanéiculture;
castellu;;
cauvaldor;;
cbe;;
cbo;;
cc;;
ccaa;;
ccap;;
ccapv;;
ccas;ccas;
ccba;;
ccbsfaiblesses;;
ccce;;
ccdb;;
ccg;;
ccgr;;
ccgst;;
cchf;;
cci;;
cclst;;
ccmdl;;
ccpcam;;
ccpf;;
ccpmf;;
ccps;;
ccrapc;;
ccsb;;
ccsud;;
ccvk;;
ccvl;;
cd;;
cdc;cdc;
cdchs;;
cédants;;
center;;
centre-bourg;centre-bourg;
centres-bourgs;centre-bourg;
centre-ville;centre-ville;
céréalisation;céréalisation;
cérès;;
ceresco;;
cerpam;cerpam;
cettefusion;;
ceuxexistant;;
cévenoles;;
cévenols;;
cézallier;;
cf;;
cget;cget;
chaine;chaine;
chalandise;;
chalonnais;;
charentais;charentais;
charentes;;
charolais;charolais;
chassezac;;
chauvet;;
chef·fe;chef;
chef·fes;chef;
chlordécone;chlordécone;
chlorothalonil;chlorothalonil;
chronophage;chronophage;
cia;;
cidriculteurs;cidriculteur;
circuit-court;circuit-court;
circuit-courts;circuit-court;
circuits-court;circuit-court;
circuits-courts;circuit-court;
cit'ergie;;
cities;;
citoyen·nes;citoyen;
citoyens-consommateurs;citoyen;
civam;civam;
civelle;civelle;
civg;;
cla;cla;
clif;;
climat-air-énergie;cae;
climatiqueagriculture;;
cls;cls;
clunisois;;
cobas;;
co-compost;compost;
coconstruction;coconstruction;
co-construction;coconstruction;
coconstruire;coconstruire;
co-construire;coconstruire;
coconstruit;coconstruire;
co-construit;coconstruire;
coconstruite;coconstruire;
coconstruites;coconstruire;
co-construits;coconstruire;
co-écriture;co-écriture;
coëvrons;;
co-gestion;co-gestion;
coiron;;
collaboratif;collaboratif;
collectage;collecte;
collectiveéduquer;collectif;
collectiveet;collectif;
collectivele;collectif;
colmar;;
commaunuté;commaunauté;
commerçants-restaurateurs;commerçant-restaurateur;
commingeois;;
comminges;;
compiégnois;;
complexifiant;;
complexifie;complexifier;
complexifiée;complexifier;
comportementsalimentaires;;
compostage;compostage;
compte-tenu;;
comtoises;;
confortation;;
connait;connaitre;
connaitre;connaitre;
considéréescomme;;
consom'acteurs;consomacteur;
consomm'acteurs;consomacteur;
consommateur·rices;consommateur;
consommationforces;consommation;
constructibilité;constructibilité;
constructible;constructible;
contractualisation;contractualisation;
contractualisations;contractualisation;
contractualisée;contractualisé;
contrario;contrario;
contributives;contributif;
copil;copil;
co-porté;co-porté;
co-porteurs;co-porteurs;
co-produits;co-produits;
cornouaille;;
corsica;;
cot;;
cotec;;
cotech;;
couchus;;
coudoulous;;
cour;;
couteuses;coûteux;
couts;coût;
covid;covid;
cpts;cpts;
crater;crater;
creai-ors;;
créationespaces;;
croitre;croitre;
croutes;croute;
crte;crte;
crussol;;
cte;;
ctg;ctg;
cu;;
cua;;
cuisinier-maison;;
cultiv;;
cultiv'local;;
culturale;cultural;
culturales;cultural;
cuma;cuma;
cunicole;cunicole;
cyanobactéries;cyanobactérie;
cyberattaque;cyberattaque;
darmon;;
dealimentation;;
debouches;déboucher;
décarbonée;décarboner;
décloisonner;décloisonner;
deconnexion;déconnexion;
déconversions;;
dedistribution;;
délocalisable;délocalisable;
délocalisables;délocalisable;
demarche;démarche;
demi-gros;demi-gros;
demi-journée;demi-journée;
denombreuses;;
densément;;
densification;densification;
dénutrition;dénutrition;
départemento-domanial;;
déréférencement;déréférencement;
dérégulée;;
desappellations;désappellations;
descircuits;;
déscolarisation;déscolarisation;
désenclaver;désenclaver;
désertification;désertification;
desexploitations;desexploitations;
désindustrialisation;désindustrialisation;
developpement;développement;
déve-loppement;développement;
dgs;;
di;;
dij;;
dijieuses;;
disparaitre;disparaitre;
distributionforces;;
diversifiants;;
diversifiee;diversifier;
diversitésur;;
doctorants;doctorant;
doller;;
dolois;;
douaisis;;
double-enquête;;
draaf;draaf;
dracénie;;
drivedes;;
drômois;;
drômoise;;
dsp;;
dupont;;
dupuy;;
durable-donner;durable;
durable-option;durable;
durables-territoires;durable;
duterritoire;;
dynamic;;
dynamisation;dynamisation;
è;;
ea;ea;
eco;éco;
éco;éco;
ecocert;écoconcert;
écoconception;écoconception;
éco-consommation;écoconsommation;
ecologique;écologique;
écologisation;écologisation;
écomobilité;écomobilité;
économico-sociale;économico-social;
economie;économie;
economique;économique;
économiquedu;économique;
ecopôle;écopôle;
ecosystème;écosystème;
éco-système;écosystème;
écosystémique;écosystémique;
écosystémiques;écosystémique;
éco-territoire;écoterritoire;
écotourisme;écotourisme;
ecrins;;
education;éducation;
éduction;éducation;
eduquer;éduquer;
efigip;;
égalementvu;;
egalim;egalim;
égalim;egalim;
ehpad;ehpad;
el;;
elaboration;élaboration;
elaborer;élaborer;
elargissement;élargissement;
eléments;élément;
elus;élu;
éme;;
émergeantes;emergent;
emergent;emergent;
emissions;émission;
émulsifiants;émulsifiant;
encadrants;encadrant;
encapacité;;
enclavement;enclavement;
encontre;;
encoreaccompagner;;
energie;énergie;
enfance-jeunesse;enfance;
enfrichement;enfrichement;
enherbées;enherbé;
enr;enr;
ens;ens;
ensachage;ensachage;
enseignement-recherche;enseignement-recherche;
entermes;;
entrainant;entrainant;
entraine;entrainer;
entrainé;entrainer;
entrainent;entrainer;
entrainera;entrainer;
entrela;;
entreprenariat;entreprenariat;
entrepreneuriat;entreprenariat;
entrepreneuriaux;entreprenariat;
env;environnement;
éole;;
epahd;ehpad;
epci;epci;
epernay;;
epic;;
epicerie;epicerie;
epinal;;
eplefpa;;
ept;;
eq;;
équipementier;équipementier;
esa;esa;
esat;esat ;
escargotière;escargotière;
escaudouvres;;
espacesnaturels;;
espaces-tests;espace-test;
espace-test;espace-test;
espelido;;
essaimage;essaimer;
essaimer;essaimer;
estérel;;
estives;estive;
eststructurée;;
estuarienne;estuarien;
etablir;établir;
etablissement;établissement;
étagement;;
etat;etat ;
etdes;;
etentreprises;;
etienne;;
etindustrie;;
etmontagne;;
etp;etp;
etpersonnes;;
etude;étude;
eurométropole;eurométropole;
europe;europe;
evaluation;évaluation;
evolution;évolution;
evolutions;évolution;
ex;;
existance;existance;
existantes-maitriser;;
extensif;extensif;
externalisation;externalisation;
externalités;externalité;
extracité;extracité;
eyre;;
facilitateurs;facilitateur;
facilitatrice;facilitateur;
faiblessecaractérisée;;
fao;fao;
fast-food;fast-food;
faunistique;faunistique;
fdsea;fdsea;
fecht;;
fege;;
fes;;
fev;;
fév;;
fiche-action;fiche-action;
filiere;filière;
finistère;;
fium'orbu;;
fjep;fjep;
flandre;;
floristique;floristique;
focus;focus;
foncierforces;;
formalisation;formalisation;
formatons;;
fortementéloignée;;
fournissement;fournissement;
fr;;
frab;;
fragilisation;fragilisation;
fragilisee;fragiliser;
fraîch'attitude;;
fraiches;fraiche;
françaisesparticipation;;
fromagères;fromager;
gaec;gaec;
gaps;;
gard;;
gardins;;
gastronomiquement;gastronomiquement;
gda;gda;
gedar;;
gemapi;gemapi;
générationnelle;générationnel;
genève;;
gennevillois;;
gennevilloise;;
gentrification;gentrification;
geographie;géographie;
géoparc;géoparc;
géo-politique;géopolitique;
géo-politiques;géopolitique;
gersois;;
ges;ges;
gest;;
giec;giec;
gites;gîte;
giteurs;;
gms;gms;
gouteux;;
gouv;;
gouvernances;gouvernance;
gpect;gpect;
gpv;;
gr;;
grab;grab;
grace;;
grand-public;grand-public;
grévy;;
guadeloupe;;
guédelon;;
hab;;
halieutique;halieutique;
halophyte;halophyte;
hard-discounters;hard-discounter;
hards;;
hcc;hcc;
hcf;;
héliportage;héliportage;
héliportages;héliportage;
hérault;;
héraultais;;
héraultaise;;
herbagères;herbager;
hercberg;;
here;;
hlv;;
honor;;
hopitaux;hôpital;
hotspot;;
hourdel;;
huilerie;huilerie;
huitres;huître;
hva;;
hve;hve;
hydrologique;hydrologique;
hyperspécialisation;hyperspécialisation;
iaa;iaa;
ice;ice;
ichn;ichn;
idh;idh;
ift;ift;
igp;igp;
ii;;
iii;;
ile;ile;
îlets;;
impactant;impactant;
impactante;impactant;
impacte;impacter;
impacté;impacter;
impactées;impacter;
impactent;impacter;
impacter;impacter;
impacteront;impacter;
impactés;impacter;
impulser;impulser;
inclusif;inclusif;
inclusifs;inclusif;
industrie-agroalimentaire;iaa;
inflationet;inflation;
infra-départementaux;infra-départemental;
infra-territoriales;infra-territorial;
inpi;inpi ;
inrae;inrae;
inse;insee;
insee;insee;
inserm;inserm;
installants;installant;
installation-transmission;installation-transmission;
instar;;
inter-associatif;interassociatif;
interco;;
intercom;intercommunalité;
intercommunalité;intercommunalité;
intercompréhension;intercompréhension;
interconnaissance;interconnaissance;
inter-départementales;interdépartemental;
inter-filières;interfilières;
intergénérationnels;intergénérationnel;
inter-pat;interpat;
interprofessions;interprofession;
interrégional;interrégional;
intersectorielles;intersectoriel;
interservice;interservice;
interterritorial;interterritorial;
interterritoriale;interterritorial;
intransmissibles;intransmissible;
intrant;intrant;
intra-territoriales;intra-territoriale;
iren;iren;
ireps;;
iroise;;
irrigable;irrigable;
is;;
iss;;
italie;;
itinérance;itinérance;
iv;;
jdn;;
joséphoise;;
juil;;
karstique;karstique;
kg;;
kour;;
kt;;
kultur;;
lab;;
labélisation;labélisation;
labélisé;labéliser;
labelisée;labéliser;
labélisée;labéliser;
labelisés;labéliser;
labellisation;labéllisation;
labellisé;labéliser;
labellisée;labéliser;
labellisées;labéliser;
labelliser;labéliser;
labellisés;labéliser;
labourables;labourable;
lacommune;commune;
lactalis;lactalis;
lairon;;
languedoc;;
lauragais;;
lédonien;;
légumerie;légumerie;
légumeries;légumerie;
lesélus;élu;
lessystèmes;système;
lf;;
libournais;;
limagne;;
limagrain;limagrain;
limitantes;limitant;
linou;;
lioran;;
locavorisme;locavorisme;
logisticiens;logisticien;
logistiqueapprovisionnement;logistique;
logistiquement;logistiquement;
loiret;;
long-terme;long-terme;
lontan;;
lorsqu'interrogés;;
lucérat;;
luter;;
macantine;macantine;
maconnais;;
mâconnais;;
made;;
maec;maec;
mafatais;;
mafate;;
magalie;;
maghreb;maghreb;
maho;;
mahorais;mahorais;
mahoraise;mahorais;
maillage;;
maintienet;;
maïs-maïs;maïs;
maitrise;maîtrise;
maitriser;maîtrise;
malteries;;
manche-océan;;
manj;;
manouvre;;
manzé;;
maore;;
maraichage;maraîchage;
maraîchage;maraîchage;
maraichage-horticulture;;
maraicher;maraicher;
maraichère;maraicher;
maraichères;maraicher;
maraichers;maraicher;
maralpines;;
marcatellu;;
marchéshebdomadaires;marché;
marelli;;
marie-galantais;;
marnais;;
marquéepar;;
marquenterre;;
massif-central;massif-central;
massification;massification;
massifiées;massifier;
massifient;massifier;
massifier;massifier;
matcher;matcher;
matheysine;;
mayotte;;
mead;mead;
mécanisables;;
mèdecine;médecine;
médicaux-sociaux;médico-social;
médico-social;médico-social;
mel;;
mercantour;;
méthanisation;méthanisation;
métropolisation;métropolisation;
meunerie;meunerie;
michelin;michelin;
mi-chemin;mi-chemin;
micro-exploitations;micro-exploitation;
micro-projets;micro-projet;
mi-distance;mi-distance;
mieuxconnaître;;
miko;miko;
minoterie;minoterie;
mitage;mitage;
mix;mix;
mixent;mixer;
mnca;;
moinsde;;
mollières;;
moments-charnières;;
mondialisé;mondialisé;
monopolistique;monopolistique;
monrestauresponsable;monrestauresponsable;
montargois;;
montreuillois;;
morbihan;;
moteuréconomique;moteur-économique;
mouansois;;
mouansoise;;
moulinex;moulinex;
msa;msa;
multi-domaine;multi-domaine;
multi-échelle;multi-échelle;
multi-espèces;multi-espèces;
multifactorielles;multifactoriel;
multifonctionnels;multifonctionnel;
multipartenariale;multipartenarial;
multi-partenariale;multipartenarial;
multi-partie-prenantes;multi-partie-prenantes;
multipolaire;;
multisite;multisite;
muretain;;
muretaine;;
mutualisant;mutualisant;
mutualisation;mutualisation;
mutualisations;mutualisation;
mutualisé;mutualiser;
mutualisée;mutualiser;
mutualisées;mutualiser;
mutualisent;mutualiser;
mutualiser;mutualiser;
mutualisés;mutualiser;
myélomes;myélome;
naf;;
nait;;
natura;natura;
naturalia;;
naturalité;naturalité;
néonicotinoïdes;néonicotinoïde;
néo-ruraux;néo-rural;
nes;;
nestes;;
nestle;nestlé;
nestlé;nestlé;
newcold;;
niortais;;
nitry;;
nord-ouest;nord-ouest;
norge;;
nourricierà;;
nout;;
nox;nox;
npdc;;
nutritionnistes;nutritionniste;
nutrition-santé;nutrition-santé;
ø;;
ocager;;
occitanie;;
odd;odd;
offre-demande;offre-demande;
oléiculture;oléiculture;
oléo;oléo;
oléoprotéagineux;oléoprotéagineux;
oléo-protéagineux;oléoprotéagineux;
oléron;;
oléronais;;
omerin;;
onotourisme;oeno-tourisme;
onov;;
ontété;;
opportunites;opportunité;
optimalisations;optimisation;
orega;;
ores;;
organisationnel;organisationnel;
ospaal;;
otex;otex;
ouf;œuf ?;
oufs;;
ouvrant;;
ouvre;ouvrir;
ouvrent;ouvrir;
ouvrer;ouvrer;
ovins-caprins;ovin-caprin;
p;;
paa;paa;
paad;paad;
paat;paat;
pac;pac;
paca;;
pacte-sat;;
paec;paec;
paen;pean ;
pai;pai;
pait;pait;
palhàs;;
parcel;;
parcu;;
partenarialeun;;
participatif;participatif;
pastoralisme;pastoralisme;
paten;;
patle;;
patmontfort;pat ;
pat-pro;pat ;
patrimonialesexceptionnelles;patrimonial ;
paysagère;paysagère;
paysagères;paysagère;
pcaet;pcaet;
pdad;pdad;
pdf;;
pe;;
pean;pean;
ped;;
pédoclimatique;pédoclimatique;
pédo-climatique;pédoclimatique;
pédoclimatiques;pédoclimatique;
pédo-climatiques;pédoclimatique;
pédologiques;pédologique;
pélardon;pélardon;
penap;penap;
pendulaires;pendulaire;
pénibilité;pénibilité;
pérennisation;pérennisation;
pérenniser;pérenniser;
périurbain;périurbain;
péri-urbain;périurbain;
périurbaine;périurbain;
péri-urbaines;périurbain;
périurbains;périurbain;
permaculture;permaculture;
petit-épeautre;épeautre;
petr;;
peupleraies;peupleraie;
peupléune;;
picodon;picodon;
piémonts;;
pilat;;
pisciculteurs;pisciculteur;
planèze;planèze;
plate-forme;plateforme;
plébiscitent;plébisciter;
plpdma;plpdma;
plui;plui;
pluriactivité;pluriactivité;
pluri-professionnel;pluri-professionnel;
plusprécisément;;
pma;pma;
pn;;
pna;pna;
pnns;pnns;
pnr;pnr;
pnrc;;
pnropf;;
poldérisées;poldérisé;
polyculture-élevage;polyculture-élevage;
polyculture-polyélevage;polyculture-élevage;
polycultures-élevages;polyculture-élevage;
poly-élevage;polyculture-élevage;
polynésie;;
post-récolte;post-récolte;
pouragriculture;;
ppam;ppam;
pprif;pprif;
prairiale;prairial;
praticité;praticité;
pratiquesindividuelles;pratiques-individuelles;
préalpes;;
précarisation;précarisation;
precarite;précarité;
précarité-assurer;précarité;
précuits;précuit;
prégnant;;
pré-identifiés;;
preservation;préservation;
presqu'îlien;;
pré-transformation;pré-transformation;
pré-vergers;verger;
priorisation;priorisation;
priorisera;prioriser;
prioritairement;prioritairement;
proactive;proactif;
producteurs-habitants-restauration;;
producteurs-productrices;producteur;
producteurs-transformateurs;producteur-transformateur;
produitsbiologiques;biologiques;
professionnalisation;professionnalisation;
propective;propective;
protéagineux;protéagineux;
protocole-cadre;;
proximitéde;proximité;
proximitéle;proximité;
proximitérenforcer;proximité;
pse;pse;
ptce;ptce;
p'tit;petit;
publicsdéfavorisés;;
pyrénéennes;;
pyrenees;;
pyrénées;;
pyrénées-orientales;;
qbo;;
qpv;qpv;
qua;;
quadruplement;;
qualitativement;qualitativement;
qualite;qualité;
qualitédes;qualité;
qualitéle;qualité;
qualitépublic;;
quasi-totalité;;
quimerc;;
r;;
ragotterie;;
ramsar;ramsar;
rd;rd;
réacculturer;réacculturer;
réappropriation;réappropriation;
réapproprier;réapproprier;
recherche-action;recherche-action;
reconnexion;reconnexion;
reconquérirles;;
reconquêtedu;;
recourants;;
recuel;;
redon;;
redynamiser;redynamiser;
règlementaires;règlementaire;
ré-internalisation;;
réinterrogé;réinterrogé;
réintroduction;réintroduction;
reliance;;
relocalisation;relocalisation;
relocalisé;relocalisé;
relocalisée;relocalisé;
relocaliser;relocaliser;
relocalisés;relocalisé;
relocation;relocation;
remarquablesfaçonnés;;
remobilisation;remobilisation;
remobiliser;remobiliser;
rémoise;;
reonquête;reconquête;
repaspréparés;repas-préparés;
replantage;replantage;
représentativité;représentativité;
résidents-consommateurs;multipartenarial;
résilient;résilient;
resilience;resilience;
résiliente;résilient;
résilientes;résilient;
résonnance;résonnance;
restanques;;
ret;;
reterritorialisation;reterritorialisation;
reterritorialiser;reterritorialiser;
réuniesautour;;
rga;rga;
rhd;rhd;
rhin;;
rhôny-vistre-vidourle;;
rice;;
rices;;
ried;;
rmg;rmg;
rnnesp;;
rnr;rnr;
roannais;;
role;role;
romorantinais;;
rpg;rpg;
rse;rse;
rtps;rtps;
ruralité;ruralité;
ruralités;ruralité;
rurbain;;
sabaton;;
sade;sade;
safer;safer;
saisonnalité;saisonnalité;
salers;salers;
salinisation;salinisation;
salva;;
samarien;;
samariens;;
sanctuariser;sanctuariser;
sanofi;sanofi;
sante;santé;
santéculture;santé ;
santé-environnement;santé-environnement;
santéle;santé;
santéles;santé;
santé-nutrition;santé-nutrition;
santéø;santé;
;santé;
santépublic;santé-public;
santé-social;santé-social;
sapeb;;
sarreguemines;;
sau;sau;
savoir-faire;savoir-faire;
scenario;scénario;
schisteux;schiste;
scic;scic;
sco;;
scolaires-diminuer;;
scot;scot;
scr;;
screb;screb;
sdage;sdage;
sdar;sdar;
sècheresse;sécheresse;
selvi;;
semi-gros;semi-gros;
semi-naturels;semi-naturel;
séniors;sénior;
sénonais;;
séquano-dionysien;;
servicesde;;
séveraisse;;
sgma;;
siagnole;;
sicarev;sicarev;
sicoval;;
sigolsheim;;
sine;;
siqo;siqo;
sisteron;;
sisteronnais-buech;;
situationgéographique;;
sivom;sivom;
smpnr;;
snanc;snanc;
so;;
sociétales;sociétal;
sociétaux;sociétal;
socio-économique;socio-économique;
socio-professionnels;socio-professionnel;
socio-sanitaire;socio-sanitaire;
socio-spatiale;socio-spatiale;
sodiaal;sodiaal;
sodial;sodial;
solagro;solagro;
solène;;
sommière;sommière;
sontautant;;
sos;sos;
sourcing;sourcing;
sous-alimentation;sous-alimentation;
sous-enjeux;sous-enjeu;
sous-objectifs;sous-objectif;
sous-produites;sous-produit;
sous-représentation;sous-représentation;
sous-représentées;sous-représenté;
spm;;
sport-nature;sport;
stéphane;;
stl;;
stockholm;;
structurante;structurant;
structurantes;structurant;
structurants;structurant;
structuration;structuration;
sud-ouest;sud-ouest;
supérettes;supérette;
supra-territoriales;;
surconsommations;surconsommation;
surle;;
surmortalité;surmortalité;
surreprésentation;surreprésentation;
surreprésentée;surreprésenté;
sycoparc;;
sylvopastoralisme;sylvopastoralisme;
synthétisant;synthétisant;
syrec;;
sytec;;
tallec;;
tandis;;
tarnais;;
tco;;
technico;technico;
technico-économique;technico-économique;
technopôle;technopôle;
téléchargeable;téléchargeable;
télédéclaration;télédéclaration;
temoin;temoin;
tempsdans;;
tendancielles;tendance;
tepcv;;
tepos;;
tepos-cv;;
tepvc;;
tereos;;
ter-ritoire;territoire;
territoirepeu;territoire;
territorialisé;territorialisé;
territorialisées;territorialisé;
texturant;texturant;
thomson;;
tiers-lieux;tiers-lieu;
tou;;
toustes;tout;
toutaint;;
tpe-pme;tpe-pme;
tpm;;
trà;;
trail;trail;
transformationforces;;
transfrontalier;transfrontalier;
transmettre-installer;transmettre-installer;
transmissibilité;transmissibilité;
transmission-installation;transmission-installation;
transparaitre;transparaitre;
transversalité;transversalité;
trices;;
tx;;
typicité;typicité;
ue;ue;
ugb;ugb;
ukraine;;
ultra-transformés;ultra-transformé;
uneproblématique;;
uneressource;;
unesco;unesco;
unescomenaces;;
unono;;
urbact;;
utra-spécialisation;ultra-spécialisation;
valenciennois;;
valgaudemar;;
valley;;
valorisationdes;;
varaize;;
végétalisation;végétalisation;
véloroute;véloroute;
ventede;;
verloossoise;;
verteø;;
vidourle;;
vigan;;
viganais;;
ville-centre;centre-ville;
viltain;;
virois;;
vitagora;;
vitroplants;vitroplant;
vitryat;;
vivacoop;;
vivre-ensemble;vivre-ensemble;
vivrier;vivrier;
vivrière;vivrier;
vivrières;vivrier;
vs;;
vtt;vtt;
wa;;
wallbach;;
weekends;weekend;
xixe;;
xixème;;
xxème;;
ysco;;
zae;;
zan;;
zap;;
zarlor;;
znieff;;
